path,seed,s_final,err_real_mean,err_dos_mean,err_fdi_mean,time_in_dt_ratio,tube_violations,dos_windows,fdi_windows
figure8,906691059,0.999,0.851205880678153,1.824318876011245,0.754356922895223,0.5466666666666666,0,4,4
figure8,525367680,0.999,0.28620081079495024,0.745332539927698,0.30377527489110295,0.32375,0,3,3
figure8,260957515,0.999,0.3835074385708838,1.9985257587644443,0.7954368657312983,0.45958333333333334,0,5,4
figure8,169875223,0.999,0.6739654800524673,1.5981280760212415,1.0661679912739355,0.7145833333333333,0,7,6
figure8,602803946,0.999,0.8497320740739015,1.659389589227363,0.9817395469041732,0.6391666666666667,0,5,6
figure8,912076881,0.999,0.6242602490653087,0.8747863763476814,0.8343081556628218,0.5591666666666667,0,5,5
figure8,65665921,0.999,0.24828687880218273,1.3746872596614634,0.42755582136188497,0.3875,0,4,3
figure8,341728468,0.999,0.32827520453245096,1.6696082500738507,0.3742574542093976,0.3825,0,4,3
figure8,438165226,0.999,0.579694861280974,1.449009949675301,0.37645733838941714,0.6170833333333333,0,7,3
figure8,130515898,0.999,0.39591819075356216,1.0014639797440124,0.43403482120034764,0.4075,0,3,5
figure8,132272237,0.999,0.6573102547151501,1.5127351907787674,0.9200560337904041,0.6041666666666666,0,6,5
figure8,967723062,0.999,0.93584254770762,1.4699437537445934,0.6222329828916615,0.6191666666666666,0,6,5
figure8,639316533,0.999,0.6447775016001835,2.372260867512933,1.6796286086456023,0.6116666666666667,0,6,5
figure8,87373493,0.999,1.2155063269120885,2.098372718609327,0.7260367558598473,0.6708333333333333,0,5,6
figure8,492089786,0.999,1.062154199829284,1.3285190603315957,1.230429624374789,0.63125,0,6,6
figure8,165136855,0.999,0.8215413577922396,1.6699471580144105,0.5057695827523425,0.5241666666666667,0,6,3
figure8,352063526,0.999,0.9281204207842969,1.0689883790965433,0.8985580560698816,0.6320833333333333,0,6,5
figure8,369551553,0.999,0.9835713920646759,1.2972315003030268,1.4982107560038045,0.635,0,7,6
figure8,181294867,0.999,0.37313971013399616,0.8424515514283899,0.8985898561394199,0.4170833333333333,0,3,4
figure8,992702177,0.999,0.4264571991662556,1.2311988474161941,0.7176372142985583,0.42541666666666667,0,4,5
figure8,463530476,0.999,0.5248204299411117,2.110662605875731,1.325266367664981,0.5595833333333333,0,4,5
figure8,654648579,0.999,0.48453357397011454,1.7078771058315791,1.2906261700298547,0.495,0,5,4
figure8,742158023,0.999,0.5537018324555683,1.7142915798200595,0.5626040550670561,0.5166666666666667,0,5,4
figure8,444353331,0.999,0.791034071144803,0.9744425874728123,0.8510805890200089,0.52375,0,5,4
figure8,172398123,0.999,0.5243345119495266,1.9650812746007504,0.8853414180564149,0.4558333333333333,0,4,5
figure8,423953692,0.999,0.47491696419094515,2.7251026673053937,1.1488106523918609,0.55,0,5,7
figure8,223525999,0.999,0.35579535657246847,1.7042894275707663,0.636077040751751,0.45625,0,5,3
figure8,555253264,0.999,0.660721296412009,1.7369031665541972,1.039212650626355,0.47458333333333336,0,3,5
figure8,423151795,0.999,1.4880893291554569,1.3844227106201552,1.5304455883460635,0.675,0,6,6
figure8,248709580,0.999,0.7630422059955112,1.7616122975336517,1.5797174747739382,0.605,0,5,6
sCurve,881291010,0.47901364336869146,0.5937515716181494,2.5204316064557073,2.0035827776481807,0.66875,0,6,6
sCurve,707436356,0.47901364336869146,0.43723145190523593,2.424317832449909,1.1408320532979512,0.68625,0,6,6
sCurve,966405851,0.47901364336869146,0.24518595256877537,0.9340644820567201,1.340825223405606,0.3620833333333333,0,3,3
sCurve,157394221,0.47901364336869146,0.3431321511905752,2.124027728788,1.3220029887680251,0.5445833333333333,0,4,6
sCurve,47254919,0.47901364336869146,0.2403994133905924,1.4588196114864571,0.7191911658363656,0.5295833333333333,0,6,4
sCurve,190257413,0.47901364336869146,0.5143551661340605,1.5239267081312529,1.218323786260597,0.44666666666666666,0,5,5
sCurve,289151763,0.47901364336869146,0.7604850622210858,2.855968856182471,1.7534818785287378,0.57,0,5,6
sCurve,993476615,0.47901364336869146,0.6132605688043234,1.8928932760409134,0.7542779999644794,0.62,118,4,6
sCurve,835323845,0.47901364336869146,0.2709527645645303,1.6527537787069622,1.0994304423494934,0.40958333333333335,0,3,4
sCurve,208654029,0.47901364336869146,0.6296918574666445,2.3720357631844924,0.6757647330201356,0.47708333333333336,0,5,4
sCurve,695401319,0.47901364336869146,0.7008579848127745,2.2168348740589026,1.8618435211223479,0.5566666666666666,203,4,6
sCurve,148708215,0.47901364336869146,0.31399561731304554,1.5795932253002956,0.5832017026067844,0.4891666666666667,0,5,3
sCurve,6898620,0.47901364336869146,0.5599374520380693,2.6692281533571074,1.2818015086949937,0.5333333333333333,0,7,5
sCurve,664648677,0.47901364336869146,0.26665566546538444,1.678715968839788,0.43556231281232516,0.42083333333333334,0,3,4
sCurve,630452087,0.47901364336869146,0.7424251828262151,2.7287266295575114,1.212510205370914,0.5229166666666667,0,4,5
sCurve,517237545,0.47901364336869146,0.21488434026545786,0.9983145854271084,0.5839854546241352,0.3070833333333333,0,2,3
sCurve,643307316,0.47901364336869146,0.62626578426037,2.5294690453673168,1.2781713539109536,0.6025,0,6,4
sCurve,503275508,0.47901364336869146,0.2148343688502724,0.7860920755194353,0.5564660100971713,0.36791666666666667,0,4,3
sCurve,667181712,0.47901364336869146,0.4178415158321726,1.7323999165853168,1.4417374460821673,0.5254166666666666,0,4,6
sCurve,754535109,0.47901364336869146,0.618925585791417,2.168754803634894,1.3639199704500966,0.4575,94,4,5
sCurve,572599815,0.47901364336869146,0.48485603044832337,1.9669138636350256,1.6755157074088016,0.6295833333333334,0,5,5
sCurve,911684715,0.47901364336869146,0.7086817637392443,3.0938650120865008,1.0700654897458408,0.66875,0,6,7
sCurve,406425411,0.47901364336869146,0.270584565123447,1.6628050361537527,0.5760621273616312,0.5183333333333333,0,5,4
sCurve,141223823,0.47901364336869146,0.4878017654736659,1.7380144520346494,1.0607041848442176,0.43,1064,5,2
sCurve,40008312,0.47901364336869146,0.36984871661789803,2.2526861865891017,0.916515128972425,0.6045833333333334,0,4,6
sCurve,1259196,0.47901364336869146,0.5991878422278964,2.826778720691633,0.7300167682755692,0.6079166666666667,0,6,4
sCurve,146945343,0.47901364336869146,0.2628284893175585,0.9606984960078322,1.354007661501902,0.44416666666666665,0,4,4
sCurve,79403921,0.47901364336869146,0.23557991948565535,1.564267613644607,0.3305658029715326,0.3720833333333333,0,4,2
sCurve,106026988,0.47901364336869146,0.21468206425822137,0.8602561890152219,0.4055569956747763,0.33666666666666667,0,4,2
sCurve,907655629,0.47901364336869146,0.7097684687294484,2.546385953173534,0.74305679772873,0.605,0,7,6
sharpL,827837125,0.999,0.45322485032617443,3.1576034630866596,2.928482646646093,0.6420833333333333,433,7,5
sharpL,100837786,0.999,0.4811050679728381,3.8171095972195834,3.2494795517271733,0.5458333333333333,124,4,6
sharpL,830739707,0.999,0.4199655576613394,2.700178893866009,0.6884771973630217,0.45416666666666666,35,4,3
sharpL,957360799,0.999,0.3078327130039222,3.2232416477101045,2.023032491074642,0.32166666666666666,13,1,4
sharpL,948173650,0.999,0.9928968788862477,3.726020391270928,1.542132318900266,0.7120833333333333,60,7,5
sharpL,491988464,0.999,0.5042020082805061,3.580964378467466,2.136470499470256,0.46125,461,3,4
sharpL,702552413,0.999,1.086207288658442,3.5249653715578053,0.8285461928892881,0.59625,65,5,5
sharpL,599032787,0.999,0.40587270043807233,2.202423147123494,1.422241675647786,0.5029166666666667,225,4,5
sharpL,615138292,0.999,0.4899844115905549,2.4154283451768688,1.7878836657476824,0.5258333333333334,248,5,5
sharpL,49398890,0.999,0.46759733391524133,2.4763386473727906,2.9801070147833078,0.5,115,3,7
sharpL,215815017,0.999,0.31560500440979466,3.4425561488164234,2.2537110583856066,0.49541666666666667,130,3,5
sharpL,394898599,0.999,0.6816414471153203,3.4347078622873513,0.9730120068955279,0.4895833333333333,254,4,4
sharpL,344985479,0.999,0.6495435322910712,3.81957305014309,1.9549723983348084,0.5604166666666667,153,4,6
sharpL,994080146,0.999,0.5066723865130446,4.273072998624554,3.844826433237033,0.6166666666666667,293,5,7
sharpL,366025419,0.999,0.5512408605640272,2.8308182066772396,2.0707827036884328,0.47,522,3,5
sharpL,356951981,0.999,0.4244207737585324,2.8381736050428126,2.4199661152962593,0.5358333333333334,99,5,5
sharpL,878041382,0.999,0.2940403300762528,2.111690845986857,1.0178823977244924,0.48375,258,5,3
sharpL,617570136,0.999,0.6009047801080256,3.6786984938992524,2.3742998521575145,0.5879166666666666,229,6,5
sharpL,246187039,0.999,0.3170629627229972,3.9808525980377376,1.4218727038934427,0.3954166666666667,243,5,3
sharpL,888961527,0.999,0.32771224867438464,1.902712672519289,2.4204958352977712,0.5533333333333333,308,5,5
sharpL,853305227,0.999,0.5346183460629033,4.3163118118987605,2.273827253199954,0.525,130,4,5
sharpL,920699527,0.999,0.3040147340104629,3.813043859912565,2.0211593084943758,0.38416666666666666,113,2,5
sharpL,581615406,0.999,0.4548791984583041,3.2305551644491253,1.7472213164972497,0.52125,265,5,5
sharpL,166958958,0.999,0.44629640315633223,4.232617046766239,3.6054772664180654,0.6070833333333333,229,6,5
sharpL,257626892,0.999,0.6077101455845273,4.0432498747307966,2.0118528594624254,0.51125,71,5,4
sharpL,522333016,0.999,0.2842174891524149,3.6157944821153682,1.4886140208532186,0.5441666666666667,646,5,5
sharpL,268599738,0.999,0.32425512192854905,4.536669993660793,1.8820041651514017,0.49083333333333334,280,5,4
sharpL,198226646,0.999,0.4518710708088872,3.0594398601497943,1.7557713807004245,0.3875,101,4,4
sharpL,353696727,0.999,0.3555086654695389,2.6853876082536985,2.8640603590904234,0.49,377,4,5
sharpL,443240929,0.999,0.2869952432136113,4.8247816942306265,2.3362885202363413,0.53,516,4,4
circle,518449367,0.999,0.27360497511639953,2.266126658129598,0.33695449514042897,0.49833333333333335,0,6,3
circle,226991486,0.999,0.2567687386401676,2.172174415141971,0.31808868071105023,0.405,0,4,4
circle,858069711,0.999,0.23583435867563826,2.126534811133925,0.25072042465027083,0.455,0,5,3
circle,972820064,0.999,0.2820938705915054,2.599372217018959,0.4634540266043022,0.63625,0,6,6
circle,590096747,0.999,0.2565164746426841,1.7250721927595145,0.33836267508697326,0.42541666666666667,0,6,3
circle,351513245,0.999,0.2510561026045883,2.3938193100355676,0.27662702248205384,0.495,0,4,4
circle,785456193,0.999,0.29538405665711936,2.6319225663533006,0.40635224365083716,0.5858333333333333,0,5,6
circle,100392606,0.999,0.2584463580843359,1.721813154267524,0.267274100362935,0.4195833333333333,0,3,4
circle,261799610,0.999,0.22906411209876837,1.7439933757150539,0.4186500776542818,0.4691666666666667,0,6,4
circle,418374226,0.999,0.272840891873331,2.9555313256936233,0.5996742632130468,0.5641666666666667,0,4,6
circle,459068336,0.999,0.21530535306225634,1.3110713187696292,0.2542751602860024,0.27291666666666664,0,1,4
circle,172418153,0.999,0.23448965721445755,2.3072669934789576,0.5253318372400992,0.47041666666666665,0,4,5
circle,705967681,0.999,0.24021774957637404,2.04411577394702,0.39645789062697107,0.48,0,6,4
circle,332573271,0.999,0.2559455747077715,2.221538428752085,0.3776934851470049,0.5545833333333333,0,7,2
circle,17973975,0.999,0.28943960621931525,2.188705832147795,0.6637387199470446,0.5375,0,6,5
circle,879093829,0.999,0.21260601253022163,2.1481251399796513,0.5393501033295968,0.4275,0,4,5
circle,994516543,0.999,0.26350934999727194,2.26095552050549,0.46096456816642417,0.5625,0,5,6
circle,522972698,0.999,0.3553593802536487,3.219106831575755,0.5521509733852243,0.6220833333333333,0,5,6
circle,238979705,0.999,0.33663201938845144,2.248632417504945,0.465890465148194,0.5304166666666666,0,5,6
circle,366096396,0.999,0.2586293092661406,2.915690192702047,0.6300113673057941,0.6570833333333334,0,5,8
circle,353488206,0.999,0.2255550769484614,1.693473519873049,0.22821900176580812,0.41833333333333333,0,6,2
circle,877097827,0.999,0.25562817898148593,2.9064399786484425,0.36554299998435574,0.5716666666666667,0,5,5
circle,912489357,0.999,0.2527102677605559,2.00342856835306,0.5033104195961299,0.5233333333333333,0,3,5
circle,100724153,0.999,0.2521077184780364,2.482518457001814,0.6431501754333484,0.59,0,6,5
circle,314846776,0.999,0.24995086305483435,2.4713495462885295,0.26005307068602124,0.5029166666666667,0,6,5
circle,260246246,0.999,0.2319787588009152,3.096885285752638,0.499465597524501,0.5441666666666667,0,6,5
circle,2938532,0.999,0.22423750399797002,2.150816440318049,0.30953238074583506,0.44208333333333333,0,5,3
circle,293659434,0.999,0.2589316011637178,2.8531868533641123,0.4779338069142561,0.5995833333333334,0,5,6
circle,920166031,0.999,0.2885584660418084,2.331459136237814,0.5887805385852838,0.5979166666666667,0,6,6
circle,222645038,0.999,0.35224413572602364,1.7640557507449035,0.3193222806159573,0.595,0,6,5
freehand_20250908_111208_01,248801828,0.5777554326873543,0.04837072999545541,0.4951104391893198,1.0698129565501917,0.48125,40,4,4
freehand_20250908_111208_01,447667141,0.617157512934693,0.06798615275940359,1.4626901707749504,2.5243787072568904,0.5145833333333333,8,3,6
freehand_20250908_111208_01,121511994,0.7115120713913545,0.05424915531662618,0.8341486526284273,1.1573730564988054,0.44,37,4,4
freehand_20250908_111208_01,37315213,0.7151916510247361,0.052751351105649116,0.5996796388783885,1.0982892646625693,0.5083333333333333,46,5,4
freehand_20250908_111208_01,896086139,0.7114622041938448,0.05083685972435315,1.843229176104312,1.8417803481480943,0.4775,0,4,5
freehand_20250908_111208_01,376472929,0.7463677154585342,0.046199391393236554,1.463769365373754,1.163363004061801,0.5241666666666667,0,5,3
freehand_20250908_111208_01,801993682,0.5705059238876554,0.08184201685575437,1.2226940535770172,2.499364586653393,0.6020833333333333,82,5,6
freehand_20250908_111208_01,653006248,0.5557616457739614,0.05286705745569364,0.8956269391579038,1.5145780829203765,0.5054166666666666,39,5,4
freehand_20250908_111208_01,370873248,0.7740560384280568,0.049327393694218416,0.700620833078723,1.0750152801893786,0.4845833333333333,33,5,3
freehand_20250908_111208_01,119112621,0.7414893902517549,0.0628336561518218,2.1374892508231818,1.2951212269429886,0.6408333333333334,63,6,4
freehand_20250908_111208_01,342550829,0.7381008258613697,0.05560981242278167,1.5798973151274753,1.710969910817433,0.5891666666666666,54,4,6
freehand_20250908_111208_01,583365910,0.9238969787012687,0.04550542406547958,2.4213735045539795,1.60724767342689,0.6020833333333333,6,6,5
freehand_20250908_111208_01,644222730,0.7116290391453126,0.04684897905139515,1.4386529341446923,1.780255068888858,0.51125,0,4,6
freehand_20250908_111208_01,661228614,0.7558482880395522,0.05354068444222612,1.3768437654840815,0.7956214696419214,0.43416666666666665,4,6,2
freehand_20250908_111208_01,787504369,0.6457252381533654,0.05573610888818891,0.7207994011879633,1.7096041639153654,0.40166666666666667,31,4,4
freehand_20250908_111208_01,44947817,0.6998833560597629,0.047360015297392005,0.6813400644520096,1.8789535313408343,0.5283333333333333,30,5,5
freehand_20250908_111208_01,585285330,0.7183059150545279,0.04823451640484012,1.3524418736397479,0.8337689117645221,0.48875,7,6,3
freehand_20250908_111208_01,720842913,0.7261104153174059,0.05538410995043809,0.7712043085675729,1.686694034994178,0.4220833333333333,0,4,5
freehand_20250908_111208_01,977887268,0.7625291277935323,0.03872764413136261,0.6736622059564109,1.7671899688362172,0.46958333333333335,0,4,5
freehand_20250908_111208_01,587495265,0.7297973804788142,0.046184705086480884,1.1890965586947375,1.3773851993991248,0.38916666666666666,5,4,4
freehand_20250908_111208_01,324692741,0.7731375757209176,0.06681745005497353,1.5779181075665016,2.2911505072293736,0.6391666666666667,131,6,6
freehand_20250908_111208_01,684705237,0.8348528568382451,0.06394567797358101,3.191280798970701,2.410863008289131,0.69375,40,5,7
freehand_20250908_111208_01,73094989,0.6765579135211774,0.04766831031979533,1.40194437221486,1.6425924365779978,0.5379166666666667,21,5,4
freehand_20250908_111208_01,222096811,0.8078092002523252,0.05390488110454071,2.638913806652538,1.413617685432034,0.53375,10,5,5
freehand_20250908_111208_01,36605913,0.7129035276375222,0.053327833024090894,2.3996172262347013,3.139300974674265,0.6225,41,6,6
freehand_20250908_111208_01,223429503,0.6257956763231743,0.05405465714845382,0.3949616166526266,1.1843842585082875,0.5525,0,5,4
freehand_20250908_111208_01,13530254,0.7500901295704402,0.05102959533194396,0.613431490676311,1.5922447293629223,0.50625,0,4,5
freehand_20250908_111208_01,67036887,0.7712965693182292,0.04972906275383094,1.3145557762359659,1.7438869289153096,0.5308333333333334,12,6,5
freehand_20250908_111208_01,341849256,0.7306240353592398,0.038246988051689364,2.021424549334624,0.9241846106453937,0.49666666666666665,0,4,5
freehand_20250908_111208_01,925134296,0.7115959780865349,0.048334774835473396,2.137321038146875,2.2538272651602305,0.5620833333333334,7,5,6
freehand_20250908_111215_02,457703562,0.588134172738497,0.5679465173159802,1.5168569838364796,2.457860007503437,0.5495833333333333,1064,5,6
freehand_20250908_111215_02,533902445,0.588134172738497,0.6908892127303837,1.1162762074815933,2.2243301787982914,0.5679166666666666,1139,5,6
freehand_20250908_111215_02,494309268,0.588134172738497,0.695222010057793,2.6163362900462306,1.6899886784096234,0.47333333333333333,1255,5,4
freehand_20250908_111215_02,903857472,0.588134172738497,0.7701592130521571,3.632576248509951,1.9119180049353748,0.43333333333333335,1025,5,4
freehand_20250908_111215_02,733137312,0.588134172738497,0.7051485071951326,1.586958902476006,2.3507758017978118,0.6020833333333333,1123,5,6
freehand_20250908_111215_02,521181308,0.588134172738497,0.6731871328115063,1.7184561625263306,1.7178614445919511,0.5104166666666666,1186,5,4
freehand_20250908_111215_02,59590843,0.588134172738497,0.682815658375951,2.459493951965961,1.527642703128059,0.6179166666666667,1030,6,5
freehand_20250908_111215_02,549780477,0.588134172738497,0.5590006762494001,0.8300701745825197,0.8540082660408621,0.4791666666666667,1084,5,3
freehand_20250908_111215_02,904982168,0.588134172738497,0.8037928165942899,3.708006411777052,2.0100630387823926,0.6425,1092,5,5
freehand_20250908_111215_02,327696797,0.588134172738497,0.7062740393956206,3.971203160153788,1.749642390817919,0.5008333333333334,945,5,4
freehand_20250908_111215_02,55188041,0.588134172738497,0.7041936174500508,1.8056718154266576,2.7994306978848074,0.65,1065,7,6
freehand_20250908_111215_02,145099331,0.588134172738497,0.5341395675013845,2.172286012223147,2.745714074294846,0.4775,1072,4,5
freehand_20250908_111215_02,808610367,0.588134172738497,0.6728028607529294,3.0627018778576574,1.9460455621569828,0.5866666666666667,1144,7,4
freehand_20250908_111215_02,297920509,0.588134172738497,0.6766000865528567,2.953785724892091,2.0156039054856607,0.44875,1232,4,5
freehand_20250908_111215_02,902205714,0.588134172738497,0.6328057963945567,2.337482874972467,2.2806830946507435,0.6383333333333333,1141,5,5
freehand_20250908_111215_02,621658085,0.588134172738497,0.6559010902710655,2.2269813878650155,1.9137641843135857,0.57375,1143,6,4
freehand_20250908_111215_02,877987306,0.588134172738497,0.5276361581226336,1.016183305456216,2.296972883833662,0.4425,952,2,5
freehand_20250908_111215_02,85070132,0.588134172738497,0.5987791708318487,1.9637568839406776,2.004250408200198,0.46541666666666665,1192,5,4
freehand_20250908_111215_02,72830865,0.588134172738497,0.6405849681801812,1.3878214382859468,1.8554204668428826,0.42125,1122,4,3
freehand_20250908_111215_02,958071528,0.588134172738497,0.6123551463630121,1.7507148537326622,2.9570925271400643,0.6504166666666666,965,5,7
freehand_20250908_111215_02,623879088,0.588134172738497,0.7379878417837146,1.8587700388125017,1.728218905285554,0.58,1125,6,4
freehand_20250908_111215_02,397866253,0.588134172738497,0.7203047105366452,2.571866204425085,1.7184853505688273,0.635,1126,5,5
freehand_20250908_111215_02,229703284,0.588134172738497,0.5787149210652458,2.486832042772562,3.022199701025028,0.5866666666666667,1170,4,6
freehand_20250908_111215_02,953404171,0.588134172738497,0.7638793142920718,2.9818479078304008,2.513481787656367,0.5666666666666667,1061,5,7
freehand_20250908_111215_02,110615861,0.588134172738497,0.6487724803972064,2.9409490823334994,1.721242470625028,0.38208333333333333,1028,3,4
freehand_20250908_111215_02,792010894,0.588134172738497,0.7634259050507791,3.713261600740495,1.6947475955696305,0.50375,1037,5,5
freehand_20250908_111215_02,384253479,0.588134172738497,0.7117985777338824,1.1828987633029475,1.7591698491870769,0.49291666666666667,1152,4,5
freehand_20250908_111215_02,200898056,0.588134172738497,0.7161529399119121,2.747715064238666,1.648896559641309,0.44,925,3,4
freehand_20250908_111215_02,716982565,0.588134172738497,0.6159593298124931,1.9191156898811679,2.0791428522615614,0.50875,1210,6,5
freehand_20250908_111215_02,133009306,0.588134172738497,0.6582838225427252,2.64840298343007,1.632318916190174,0.5154166666666666,928,6,4
freehand_20250908_111225_03,250131397,0.5642901194078135,0.05031488244365369,1.2589508326788859,1.7337775632851142,0.5404166666666667,25,6,5
freehand_20250908_111225_03,910637942,0.43421328684660077,0.04072351845656237,2.853100823929681,2.6454188102329317,0.64875,60,6,4
freehand_20250908_111225_03,836537980,0.41776608927701814,0.03332421478238066,1.2558257783384652,1.3988719465910568,0.40541666666666665,0,3,4
freehand_20250908_111225_03,182249536,0.546113746248159,0.035663895175941186,1.5264478863903348,2.809883791346891,0.6533333333333333,0,6,6
freehand_20250908_111225_03,80961824,0.5879565432615487,0.037940902387567,0.9472487702511811,1.4777013484998665,0.5995833333333334,2,6,6
freehand_20250908_111225_03,283649298,0.44870171577009865,0.04819164882087137,0.9935511845775125,1.7449181888625125,0.5445833333333333,1,5,5
freehand_20250908_111225_03,157552587,0.6151817688823557,0.03736446881103132,1.7893028496185184,2.3030686292724942,0.5529166666666666,0,5,5
freehand_20250908_111225_03,123335560,0.6174432745646601,0.03310901999553464,1.7447279029787304,2.0866681109296357,0.4170833333333333,0,4,4
freehand_20250908_111225_03,149358913,0.5732849331399257,0.03267389014486191,1.448519159109068,1.3947203948823446,0.38083333333333336,0,4,3
freehand_20250908_111225_03,866393371,0.6160495814617241,0.033414503990890694,1.784764299405075,1.2674213564681542,0.4320833333333333,0,4,4
freehand_20250908_111225_03,530203598,0.5466548026067125,0.03346787262489984,1.5124006505949308,1.6743067942492613,0.51375,0,6,4
freehand_20250908_111225_03,779058499,0.6083399654270464,0.036807166563853584,1.1523308734820297,2.551476031548605,0.54375,29,5,6
freehand_20250908_111225_03,788533666,0.6259691813093171,0.039524094732966954,1.9968403791979612,1.8865858574423138,0.5983333333333334,0,5,6
freehand_20250908_111225_03,656648671,0.6067078058163031,0.0365962864268817,1.6500112379991978,1.6820054322973392,0.5554166666666667,0,6,5
freehand_20250908_111225_03,24478537,0.49665425145491854,0.03892629860673897,1.5179820487898736,2.0429613507812814,0.5591666666666667,0,6,5
freehand_20250908_111225_03,930436191,0.5265393503217385,0.04685182309452486,1.4066641960981074,2.3567578451825155,0.685,96,6,5
freehand_20250908_111225_03,139159660,0.6023708291851437,0.04377118679507148,2.1997287186759293,3.0202576714366485,0.5345833333333333,71,3,6
freehand_20250908_111225_03,389179912,0.5858590917032858,0.03433315026817406,2.0438705494136546,1.836596039800458,0.4195833333333333,0,5,4
freehand_20250908_111225_03,700429483,0.5986167626328692,0.03778180729728783,1.7856584425206483,3.079145525474938,0.53875,15,5,5
freehand_20250908_111225_03,712812810,0.5347405964378134,0.03672473221657165,1.2007120670370015,0.8878140812938797,0.38125,61,5,3
freehand_20250908_111225_03,954816780,0.6131862708874145,0.04832213964495474,2.1253988085622733,2.9064342961380523,0.6979166666666666,5,6,6
freehand_20250908_111225_03,780799090,0.5695513168490202,0.03184176334058622,0.7142831399772642,1.2042394769788787,0.5770833333333333,0,6,5
freehand_20250908_111225_03,969639647,0.6204166442783834,0.03922645769629186,1.6389715625321475,2.9855600030117713,0.5225,0,4,5
freehand_20250908_111225_03,724425710,0.39663130106156996,0.038885970211534227,1.5437633490937905,1.4079638819574627,0.39625,62,4,3
freehand_20250908_111225_03,582128900,0.5934842100089204,0.0275768856384229,2.683193661555798,2.577567126286109,0.49291666666666667,0,5,3
freehand_20250908_111225_03,261271888,0.5324792435689819,0.038816163835065774,1.1117652977847592,1.6474033123001404,0.5158333333333334,111,5,4
freehand_20250908_111225_03,966154540,0.5964864723641754,0.03531300652810612,0.6093446219965327,3.5305927022889145,0.5329166666666667,26,3,6
freehand_20250908_111225_03,950141356,0.5945542354894756,0.030033716602442282,1.1651730244672824,1.0065481357688333,0.52,28,6,3
freehand_20250908_111225_03,335285843,0.6210228393760505,0.04030880912558661,2.544630566523894,3.281544813729951,0.56,59,3,6
freehand_20250908_111225_03,603468486,0.6419798313314757,0.048724362693981685,2.1738632914970792,2.2148684070802256,0.6083333333333333,31,6,5
freehand_20250908_111237_04,201695126,0.639002206916838,0.06590335607660881,2.4898577461047573,1.190883815247869,0.49625,35,5,5
freehand_20250908_111237_04,602225687,0.650005639600196,0.05108198190676293,1.367892443763447,1.3315149042452585,0.5275,21,4,4
freehand_20250908_111237_04,567329568,0.7033456536120811,0.05932912416877747,1.960033665909216,1.107294409927745,0.5558333333333333,33,6,4
freehand_20250908_111237_04,499682237,0.6696405067155152,0.05656797033106938,2.1823788871932432,2.7871603335664106,0.5920833333333333,78,6,7
freehand_20250908_111237_04,690229069,0.5255776711192511,0.05768453158333596,1.7108363167406442,1.3015995114406118,0.5154166666666666,8,5,4
freehand_20250908_111237_04,933403485,0.5906769130890432,0.04895658822697994,1.4175457663692994,2.131806431776182,0.5883333333333334,15,5,5
freehand_20250908_111237_04,257540376,0.5871017777705051,0.04038612980716516,1.9102457274779547,1.1399633739126833,0.43,9,4,3
freehand_20250908_111237_04,185742338,0.5867815356049078,0.06337727037824085,2.1608759980566203,2.257295812373342,0.6416666666666667,19,5,5
freehand_20250908_111237_04,76166577,0.685612480699439,0.056545525011969425,1.5853629507450981,2.047237780155735,0.7041666666666667,10,6,5
freehand_20250908_111237_04,265465525,0.6686655081300045,0.05539531076204318,2.7969582765198684,1.5376719380059987,0.59,47,5,6
freehand_20250908_111237_04,279445453,0.5759654166616949,0.05003801057390238,1.630249353265554,0.5074947732104848,0.4925,2,5,3
freehand_20250908_111237_04,769286936,0.5970676489652315,0.037486103036098326,0.9398093906874991,1.4980651234099744,0.42291666666666666,11,3,4
freehand_20250908_111237_04,661070175,0.6270900079420647,0.061560889712170615,2.429927785721122,3.0078978634095224,0.60875,16,6,7
freehand_20250908_111237_04,150973980,0.69706016534795,0.06529458265673792,1.2377840964822289,2.2984102951521788,0.6391666666666667,43,5,5
freehand_20250908_111237_04,300305789,0.5968699830694013,0.04733956707999488,0.7896043901966245,1.6606326243080234,0.5941666666666666,15,6,5
freehand_20250908_111237_04,946651091,0.5857371077003798,0.04864825204173538,0.7700974767950441,1.2763385691336173,0.57375,0,5,4
freehand_20250908_111237_04,978937926,0.712228246698131,0.059641884524421776,1.9701008697799833,2.306509346164056,0.5779166666666666,2,6,6
freehand_20250908_111237_04,204065336,0.6676212117081632,0.05813944507030657,2.657719743692371,1.7067818366771004,0.5304166666666666,10,4,5
freehand_20250908_111237_04,17662006,0.7127955403592969,0.0442277387000709,1.1991402071007071,2.1503525120825446,0.5129166666666667,13,3,5
freehand_20250908_111237_04,741021317,0.5665627395296413,0.05109962830801416,1.4547473114961869,0.5034297294037587,0.42791666666666667,19,6,2
freehand_20250908_111237_04,11013841,0.6867862205528513,0.063381659319042,3.244268056954748,2.128351860715963,0.5845833333333333,18,5,5
freehand_20250908_111237_04,769964218,0.5563607075859376,0.053016258682274546,0.971747870409767,1.6168240083968162,0.5166666666666667,41,4,6
freehand_20250908_111237_04,438982988,0.5253352641261418,0.053338566320837444,0.5008935878858155,0.763689474366541,0.5266666666666666,7,4,5
freehand_20250908_111237_04,520305993,0.7007563758457037,0.04373724440246542,2.751516288612967,1.1787506867875668,0.51375,0,5,3
freehand_20250908_111237_04,154722345,0.597554635870027,0.0403642286844326,1.920551548373476,1.7952517727999566,0.41541666666666666,12,3,4
freehand_20250908_111237_04,450473609,0.5255858364928931,0.0498491275697349,1.7144311907971213,1.538737641703633,0.5170833333333333,11,3,6
freehand_20250908_111237_04,286434165,0.6657959502899724,0.035665530359177765,2.26311591434577,1.32886878178482,0.4041666666666667,0,5,3
freehand_20250908_111237_04,15615303,0.5394640853642365,0.049619569508137486,0.5155650035511059,2.130963363161248,0.46958333333333335,6,3,5
freehand_20250908_111237_04,227403705,0.46296715022578677,0.054369897460150654,2.2330167930354876,0.8966178951820604,0.4558333333333333,2,4,5
freehand_20250908_111237_04,252273646,0.7148423777576758,0.03498337661080359,1.5289242651488417,1.2364586814518395,0.47,5,4,4
freehand_20250908_111247_05,203718427,0.26738024668117405,0.031933263658109945,1.5938955533174206,1.348603437406633,0.4775,0,5,4
freehand_20250908_111247_05,110673228,0.2740346692279673,0.0642810521291931,2.408814785926166,1.8775213614564223,0.6483333333333333,20,5,6
freehand_20250908_111247_05,348999547,0.2740346692279673,0.07745064012422236,2.2658349626838055,1.3382017744299985,0.55875,0,5,5
freehand_20250908_111247_05,265455887,0.2740346692279673,0.06242139024342618,1.847030528120553,1.7361171727033426,0.49333333333333335,0,5,4
freehand_20250908_111247_05,360064946,0.2740346692279673,0.09072732370774816,1.3204773231966356,2.006690335243436,0.57,84,4,6
freehand_20250908_111247_05,41411141,0.2740346692279673,0.0730761494245087,1.507398140012602,2.057341346749345,0.5366666666666666,0,5,4
freehand_20250908_111247_05,529385288,0.27403358875079936,0.037070584747786434,0.6697915402331057,1.2828533775859479,0.5041666666666667,0,5,5
freehand_20250908_111247_05,33744940,0.27403466671379567,0.05199976263866196,1.8774827658226794,0.8539597578868563,0.6170833333333333,0,7,5
freehand_20250908_111247_05,993762186,0.2740346692279673,0.0760401887402554,0.8742631012523047,1.3186990496119633,0.49541666666666667,56,5,5
freehand_20250908_111247_05,564698741,0.2740346692279673,0.10502871312719457,1.8411523703596315,1.6763759383769201,0.58375,0,7,5
freehand_20250908_111247_05,682908813,0.2740346692279673,0.07293630126821832,1.2919493251294494,1.0721932811898756,0.5704166666666667,0,6,5
freehand_20250908_111247_05,281801161,0.2569054454552755,0.04230118381639824,1.3678782445345188,2.0279780318864655,0.5004166666666666,0,3,6
freehand_20250908_111247_05,452810625,0.2740346692279673,0.11037634721604957,2.2346401282084623,1.6652320893893793,0.58,0,4,5
freehand_20250908_111247_05,944142331,0.27403466922790587,0.0438878295950198,1.8989547430559814,1.9200521258037475,0.5441666666666667,0,6,5
freehand_20250908_111247_05,412006902,0.2740346692279673,0.0632489753433476,1.3760447166751824,1.6707098880934146,0.40875,0,3,4
freehand_20250908_111247_05,645977282,0.2740346692279673,0.1818737867160541,2.3439703233820564,1.7798660323146445,0.7216666666666667,210,6,6
freehand_20250908_111247_05,673503567,0.2740346692279673,0.10077791084925203,1.669449657000838,1.3104972874558107,0.5525,243,5,4
freehand_20250908_111247_05,369507478,0.2740346692279673,0.05303228797311229,1.997127280466963,0.6646301707358971,0.6116666666666667,0,6,5
freehand_20250908_111247_05,565590580,0.2740346692279673,0.09896692320777888,3.020235730439231,1.8411206287995772,0.60125,48,4,6
freehand_20250908_111247_05,677152222,0.2740346692279673,0.06678274614936297,2.403029025536934,1.6862290761401981,0.5816666666666667,2,6,5
freehand_20250908_111247_05,847447384,0.2740346692279673,0.07695370774413168,2.005897830557377,1.9847165493200385,0.5770833333333333,0,4,5
freehand_20250908_111247_05,178357635,0.2740346692277681,0.03785703583339716,2.157758121444494,1.531323988334409,0.3954166666666667,0,4,5
freehand_20250908_111247_05,984435456,0.2740346692279673,0.06689113242932562,2.5814570231077942,0.9978916278770186,0.61625,1,6,5
freehand_20250908_111247_05,603425421,0.25735050812792065,0.035783992507975454,2.916657077048229,2.243319972013341,0.4816666666666667,0,3,6
freehand_20250908_111247_05,395592171,0.27403466922796393,0.05563090174438649,1.744298282319448,1.116461052232719,0.5958333333333333,0,7,6
freehand_20250908_111247_05,591881448,0.2541988260052812,0.048538765536438364,2.0996841418461845,1.7767968884752703,0.44583333333333336,20,3,6
freehand_20250908_111247_05,944683484,0.2740346692279673,0.12983154107193848,2.033549735731143,1.4713946458133405,0.60375,208,6,4
freehand_20250908_111247_05,327457981,0.2740346692279673,0.07806302256271377,3.7860548821154922,2.238834168681801,0.59625,22,4,6
freehand_20250908_111247_05,532998899,0.26802073254127157,0.041346722723324056,0.7744086849573061,1.662450803898937,0.48083333333333333,0,4,6
freehand_20250908_111247_05,269057559,0.2740346692279673,0.04966394994746606,1.1526557584258261,1.6008360875622392,0.43083333333333335,0,3,4
freehand_20250908_111308_06,777124561,0.5754170246319374,0.094249591574309,1.4198902944412164,0.8175953969814524,0.47791666666666666,135,6,3
freehand_20250908_111308_06,545616665,0.5300630430727588,0.06449499289161216,1.4916223829793236,1.5297750575020856,0.3754166666666667,39,3,5
freehand_20250908_111308_06,308589873,0.5070564929104541,0.0933912607753919,1.1688993451194543,1.7132224596611294,0.5408333333333334,27,4,6
freehand_20250908_111308_06,744778674,0.688735035511593,0.08697426330627339,1.820608004556267,1.4303753710278309,0.6241666666666666,46,4,5
freehand_20250908_111308_06,206968813,0.6463199241450148,0.11365105306107057,1.626444517037626,1.381120465793778,0.47,181,2,6
freehand_20250908_111308_06,477023893,0.7101264259823169,0.09242241895450522,2.184640937323149,1.0236959007097988,0.5445833333333333,136,5,4
freehand_20250908_111308_06,162530424,0.8099792373024571,0.07239365883644584,2.3648539270956515,1.5189270655412042,0.5341666666666667,23,6,6
freehand_20250908_111308_06,404697371,0.6962579313826598,0.07053766687289117,1.7456628467079292,1.0982523929282806,0.57875,106,6,5
freehand_20250908_111308_06,286551166,0.6995980670939269,0.08424778436464121,1.7074281754154692,0.8198816659754107,0.5395833333333333,133,5,4
freehand_20250908_111308_06,855210343,0.754906095032458,0.08576251011541786,1.9655836567417675,1.141499221130921,0.6516666666666666,92,7,5
freehand_20250908_111308_06,815536762,0.6995979423326887,0.05989989673542495,2.6455082633625255,1.842923013858526,0.50375,3,5,5
freehand_20250908_111308_06,300236388,0.6699489945937493,0.1417904685318081,1.3047705638791864,1.6144134354462827,0.6383333333333333,241,5,6
freehand_20250908_111308_06,678697931,0.6713151826055418,0.09720366954393209,1.8502555744071985,2.6073260234307845,0.6333333333333333,138,6,6
freehand_20250908_111308_06,410997649,0.6106398090338355,0.08020248386837124,2.222105237425369,1.642923760526302,0.5675,132,6,4
freehand_20250908_111308_06,976810690,0.6012247996474803,0.09699123889284325,1.9076028759216366,1.9360488629535906,0.47833333333333333,211,2,5
freehand_20250908_111308_06,519259810,0.6723027308059742,0.07095025964846834,2.6371327223815397,1.613777985218365,0.5008333333333334,38,5,4
freehand_20250908_111308_06,407044783,0.6986483329996097,0.09472368568075258,1.845915664878418,1.4956733130178,0.60625,94,6,5
freehand_20250908_111308_06,587286554,0.698595985387703,0.13236115586145733,1.8787619089430267,2.609213509605485,0.6441666666666667,251,6,7
freehand_20250908_111308_06,614675862,0.6607037961686945,0.064487376077586,1.5861186377973455,1.0176819310115857,0.4575,12,5,4
freehand_20250908_111308_06,935794171,0.6538816509497676,0.06929674558424873,2.1410631342433093,2.5670367252354267,0.5929166666666666,23,7,6
freehand_20250908_111308_06,590520598,0.6072286942547798,0.1449008333304196,1.6281622350592784,0.6786055234399719,0.4845833333333333,333,5,3
freehand_20250908_111308_06,832692173,0.6757393408815844,0.10692363956496354,1.2057702743791308,1.8261900149507868,0.6420833333333333,210,5,6
freehand_20250908_111308_06,212275335,0.5256952156844082,0.07082645505221617,0.9718021681076252,1.1006212964060471,0.49083333333333334,48,3,5
freehand_20250908_111308_06,771994834,0.6346588884496598,0.06723308029298991,2.1333790839464246,2.779562477731697,0.465,24,3,5
freehand_20250908_111308_06,245732953,0.8571394898070247,0.0640033249109509,2.520286333706253,2.408446376865543,0.5916666666666667,17,6,4
freehand_20250908_111308_06,513691154,0.6073933673422199,0.06518914373406894,1.666293113681503,0.812436343797286,0.37416666666666665,65,3,3
freehand_20250908_111308_06,186820,0.6995981758986256,0.06738258388291567,2.07242368758223,1.6952290717401253,0.54875,15,4,5
freehand_20250908_111308_06,227330060,0.7213342426301743,0.09098200768904122,2.6535661937305353,2.413156283792317,0.6125,95,4,6
freehand_20250908_111308_06,887800298,0.6766468301671227,0.0819474489956253,1.6152927888849697,0.7849281014487528,0.5829166666666666,92,5,6
freehand_20250908_111308_06,539822075,0.6920353161364933,0.059905950678344054,1.8172614748904217,1.0664263530575624,0.48,5,4,5
freehand_20250908_111320_07,31208606,0.7502581279206575,0.03898126682689733,1.7750760257748062,2.943245507948112,0.5958333333333333,28,4,7
freehand_20250908_111320_07,334211706,0.6867060945507752,0.026358520948152737,1.8048285044670502,1.9338226102190583,0.6058333333333333,0,6,5
freehand_20250908_111320_07,886544711,0.787442955644161,0.03189771191226788,1.055047911693622,1.2814579330479063,0.4370833333333333,0,5,3
freehand_20250908_111320_07,910395183,0.6902156995882055,0.030361096022457287,3.0371016710618424,1.296589980420079,0.5791666666666667,0,6,5
freehand_20250908_111320_07,30595627,0.6948690758209889,0.03689468305099411,4.625230780900967,2.819666402249271,0.6204166666666666,0,3,7
freehand_20250908_111320_07,195641019,0.7729198708689297,0.032971631871115376,0.9320103609378807,1.1685613153285415,0.47625,0,4,4
freehand_20250908_111320_07,893259488,0.6726872599820812,0.029025435352959535,1.3531967440460435,2.742190190158698,0.5804166666666667,0,5,5
freehand_20250908_111320_07,456627386,0.7223699698069088,0.03794653210690673,2.7514180969317135,3.3700067061517944,0.5675,0,5,6
freehand_20250908_111320_07,186123460,0.7709963569506403,0.039506770736256226,3.388758382600606,2.4030107592705376,0.455,26,3,6
freehand_20250908_111320_07,353663341,0.7505234203780915,0.03306874494045311,2.1703115249073472,2.6567809726389195,0.5833333333333334,0,4,6
freehand_20250908_111320_07,721917967,0.7120222506546701,0.030791813651786494,2.098681700719095,2.410458406183754,0.60375,0,5,5
freehand_20250908_111320_07,552294590,0.6640281048398615,0.0245370205998316,1.0189052709910933,1.553091169735788,0.5779166666666666,0,5,4
freehand_20250908_111320_07,883523581,0.7314316179552447,0.03171609528158534,1.6717802866908038,0.9674925181202153,0.5016666666666667,0,5,2
freehand_20250908_111320_07,442428960,0.7751752880172167,0.030881404954044907,2.5174753719915155,1.5966903565701869,0.5520833333333334,0,6,4
freehand_20250908_111320_07,733956413,0.672600503912521,0.02885507306988759,1.4508573409561567,1.9443332633934247,0.43875,0,2,5
freehand_20250908_111320_07,532422096,0.7223030161720754,0.02853109653357942,2.4287105028703544,1.2072051790242113,0.56875,0,6,4
freehand_20250908_111320_07,748813963,0.7925822221095068,0.04079134612704979,2.0149243426865495,2.3569723246667538,0.6066666666666667,0,7,5
freehand_20250908_111320_07,242638256,0.7463300861683425,0.027933945000116176,3.9601443387200956,1.72138417678128,0.47375,0,3,5
freehand_20250908_111320_07,463957908,0.7095762461231228,0.02872253937877679,2.8293666764254684,2.1312567262093407,0.48291666666666666,0,4,5
freehand_20250908_111320_07,439734845,0.6684831585039795,0.030382034162748213,2.3092668178837603,1.9236773633862942,0.4716666666666667,0,3,5
freehand_20250908_111320_07,928348865,0.6888107989237255,0.031735566490651256,2.425068528294477,1.4574473444578597,0.6979166666666666,0,7,6
freehand_20250908_111320_07,722555971,0.758017905374618,0.03633668792031746,2.4846440129739653,1.2435703564126164,0.585,0,6,5
freehand_20250908_111320_07,590556130,0.7362249934947261,0.032076443611528775,1.3730674940081409,1.976875681492507,0.69875,0,6,5
freehand_20250908_111320_07,106952357,0.6855879826489977,0.028812701318892842,1.8118906119518738,2.6177982886160764,0.585,0,4,6
freehand_20250908_111320_07,584509940,0.7305814467521332,0.028060435248851375,2.036876974135458,1.9109103596868264,0.5579166666666666,0,6,5
freehand_20250908_111320_07,827975050,0.7839911321919611,0.03599246913384436,3.5898205201532853,1.4923883994181744,0.5625,0,5,4
freehand_20250908_111320_07,342426881,0.6684359045985496,0.03203029858326849,1.103064349881068,1.8504787249682189,0.5254166666666666,0,4,5
freehand_20250908_111320_07,512056057,0.6642705240305946,0.02459798779492199,1.4185790227346706,1.7861915780759103,0.41291666666666665,0,4,4
freehand_20250908_111320_07,828767832,0.6688149579790632,0.03380445485717465,1.9849728855906006,2.247121687030075,0.6908333333333333,0,5,7
freehand_20250908_111320_07,199781387,0.7821060925842845,0.03801080420943795,3.153147449622393,2.1391207755722266,0.5504166666666667,0,5,4
freehand_20250908_111328_08,723461171,0.7514171613446943,0.07619669284786909,3.950451374571392,2.3276859961880474,0.59,81,6,5
freehand_20250908_111328_08,153662862,0.5927625695549402,0.07395528875319149,1.6642498260833265,1.6304409412765999,0.5979166666666667,0,6,5
freehand_20250908_111328_08,845223085,0.6615701784012007,0.0393464968858902,3.7757334507386457,1.2298344132158103,0.4354166666666667,2,5,4
freehand_20250908_111328_08,112764564,0.6773089908253669,0.06474529365085273,3.055735086519961,1.8855888696654162,0.5966666666666667,6,6,6
freehand_20250908_111328_08,700019006,0.7363876616539581,0.06100084745028187,1.9758776704558325,0.3381428887912147,0.5616666666666666,50,6,3
freehand_20250908_111328_08,343560887,0.7723767365864163,0.05849991039401375,2.5393561167106697,2.3331714385669446,0.6254166666666666,4,6,6
freehand_20250908_111328_08,762969144,0.5888656107343552,0.05766998402975921,1.3676586228884116,1.8866336477905767,0.56375,1,6,5
freehand_20250908_111328_08,140969335,0.7667439024903699,0.06831761926033435,3.5303198163808065,0.9854132228794535,0.5416666666666666,41,7,5
freehand_20250908_111328_08,11345528,0.6772682620315044,0.08595366336183413,2.9417112054817554,2.5273941636476644,0.58375,12,5,5
freehand_20250908_111328_08,654937538,0.6396676265901623,0.037387570598093396,1.4891990054582611,2.6052089314547104,0.4791666666666667,0,2,6
freehand_20250908_111328_08,84309811,0.8394660354668144,0.06988669990400667,4.521384431068247,2.012910585949179,0.6308333333333334,78,4,5
freehand_20250908_111328_08,618384688,0.7086023150530756,0.0798022108365418,2.141579999078292,1.6269874746468485,0.7195833333333334,34,6,5
freehand_20250908_111328_08,879926831,0.7027622010841162,0.06781742953975185,3.197061391459375,2.4406719783362543,0.6470833333333333,95,6,5
freehand_20250908_111328_08,193373191,0.7061933456418199,0.07183259011733709,3.7235330554445922,2.574033293055426,0.6616666666666666,58,6,7
freehand_20250908_111328_08,117531022,0.7736056962324955,0.04635110327446172,1.172839795997423,1.2130859891578896,0.5154166666666666,8,4,4
freehand_20250908_111328_08,739560964,0.8201659793639727,0.07162968704012079,3.9851793529649444,2.206934093765916,0.72125,34,7,5
freehand_20250908_111328_08,460430596,0.705750517856521,0.05491188778234684,3.5682485845941954,1.314308753103692,0.6458333333333334,7,6,4
freehand_20250908_111328_08,611370573,0.6201153350961424,0.050493671053051976,3.638591856377978,1.955712835243254,0.52875,19,5,5
freehand_20250908_111328_08,135261794,0.5745068305945714,0.061964043757660944,3.9126187339144054,1.5089058300143583,0.575,2,6,5
freehand_20250908_111328_08,820171400,0.6857904603327605,0.05823929111495486,2.034202164317032,1.4151110841661172,0.6604166666666667,9,5,6
freehand_20250908_111328_08,140205103,0.658184063416051,0.05091558206377633,1.8026783157769368,0.8074237991070876,0.4354166666666667,0,3,4
freehand_20250908_111328_08,821517783,0.7071510747965386,0.07086087221881664,3.540666164689789,1.5370082601262904,0.62125,9,7,4
freehand_20250908_111328_08,113016400,0.6047330782863393,0.05963361171996132,2.7088519290649984,2.128555604426902,0.5454166666666667,26,4,6
freehand_20250908_111328_08,719893466,0.5679682372196266,0.05447994668233939,3.569001342222305,1.018955541026516,0.44666666666666666,25,4,3
freehand_20250908_111328_08,666049010,0.7793819620465984,0.06056006762095632,3.8456567028243787,1.826786093059418,0.49291666666666667,42,5,4
freehand_20250908_111328_08,533207280,0.613316126753295,0.045601760526790075,1.6060631063055233,1.0564976235376684,0.5095833333333334,19,5,3
freehand_20250908_111328_08,673166588,0.572575362974842,0.06452390492125346,1.4465764413103033,1.6591479185640732,0.44,122,5,4
freehand_20250908_111328_08,195374525,0.746223158726207,0.04990011581908964,1.0594880697421398,2.4741650735700365,0.5466666666666666,0,5,4
freehand_20250908_111328_08,666955803,0.656151245027774,0.05997147440745685,2.6718723740259724,1.6963899071671615,0.5983333333333334,32,6,5
freehand_20250908_111328_08,418579248,0.7640531735204504,0.05233248148299669,3.7087798877321636,1.0327876037853514,0.6083333333333333,0,5,5
freehand_20250908_111342_09,187520339,0.6202096178898951,0.054240327626714685,4.603527958384825,1.3010918580693613,0.68,72,4,7
freehand_20250908_111342_09,747337647,0.5088621477363253,0.040864218411337264,1.4284286367598062,0.286060082815573,0.34,0,3,2
freehand_20250908_111342_09,230954782,0.5337212563814745,0.028741120314167715,1.305530713021654,0.5119032346249698,0.43375,0,4,4
freehand_20250908_111342_09,570940922,0.45603566388042993,0.04975249944512331,0.8796006925150694,0.5471046098605187,0.44625,28,4,4
freehand_20250908_111342_09,838852648,0.6450434497647886,0.06465640077436449,2.149436878896968,0.6985860965995015,0.705,38,7,6
freehand_20250908_111342_09,546532187,0.48539784163167926,0.04005923258648638,1.6766088940329604,1.1927158011429337,0.6208333333333333,0,6,6
freehand_20250908_111342_09,590629819,0.5784217761937933,0.035308118786319426,1.2453225070955356,0.6945836095673072,0.4895833333333333,0,4,4
freehand_20250908_111342_09,308763361,0.4445145320602854,0.04944697962300758,1.5863328123713873,0.838630288715626,0.5304166666666666,63,5,6
freehand_20250908_111342_09,388248772,0.5561504554591792,0.052019018456313376,2.293663057101459,0.6223166175372509,0.5775,70,5,5
freehand_20250908_111342_09,222887270,0.47672148272252457,0.030824040681803697,1.0317566821876338,0.6381354704299766,0.3675,0,2,5
freehand_20250908_111342_09,593266295,0.5982944238726712,0.04479299801806037,2.0641968359247365,0.7185315700485067,0.5054166666666666,6,5,5
freehand_20250908_111342_09,678208709,0.5069377187610611,0.057210809880865084,2.046140426209788,0.4254126505499126,0.5420833333333334,76,4,5
freehand_20250908_111342_09,971419786,0.4356013953364691,0.029077272292199037,1.09235374252295,0.5536976193397,0.405,0,5,3
freehand_20250908_111342_09,760479488,0.47114574670378956,0.039292993606707564,1.4452767028570694,0.7848727301691066,0.48125,0,4,5
freehand_20250908_111342_09,349960411,0.5894559394241593,0.046568071164155074,1.4686272198458252,0.9708280205141617,0.44666666666666666,0,3,5
freehand_20250908_111342_09,15725871,0.44750197931474406,0.028595620379832643,0.5550954586878928,0.20341075039930887,0.2504166666666667,0,3,1
freehand_20250908_111342_09,603721162,0.511963451730169,0.050810440088222525,0.9066903575897133,0.7699940899288538,0.5229166666666667,0,5,4
freehand_20250908_111342_09,882120104,0.6865419423085677,0.05297665951461798,2.7177212523173893,0.7507556630713935,0.5891666666666666,31,6,5
freehand_20250908_111342_09,397424554,0.5550393660419471,0.035496073239177924,1.0895591219765743,0.6400741097772866,0.5120833333333333,0,4,5
freehand_20250908_111342_09,998237632,0.6620962517280342,0.05161307726873628,1.45033983584622,0.6387731387631218,0.6604166666666667,1,6,5
freehand_20250908_111342_09,396195993,0.6211665161912083,0.05506831093931946,1.932793896167131,0.7499765769447508,0.60625,70,7,4
freehand_20250908_111342_09,514603977,0.47976091050564634,0.045379240337395745,0.9795697450922167,0.2641889595303151,0.4270833333333333,2,5,3
freehand_20250908_111342_09,644513929,0.5829862367844264,0.036933544075937415,1.2925177163080561,0.9142834763107851,0.47,0,5,4
freehand_20250908_111342_09,324604788,0.5893131150397224,0.04845987477350686,1.690194759750862,0.5273061305797865,0.41583333333333333,69,4,4
freehand_20250908_111342_09,973116008,0.589867063031704,0.04461223192817651,1.6470686094235707,0.8823898924457345,0.6104166666666667,0,6,5
freehand_20250908_111342_09,750722298,0.6135791445478787,0.05220113524817484,2.453407457554819,0.5239473086032275,0.6929166666666666,5,7,5
freehand_20250908_111342_09,70892207,0.6488252220462394,0.0515814474441147,1.8506175661677928,0.5377198772456233,0.6383333333333333,27,6,4
freehand_20250908_111342_09,612030073,0.4513493807169052,0.04032237461967214,0.8375220118481237,0.5368430167333464,0.4275,0,3,5
freehand_20250908_111342_09,988601020,0.5933901723779019,0.036084870083979495,1.9184113094495312,0.5026586040822201,0.5841666666666666,0,5,4
freehand_20250908_111342_09,203141622,0.4946060223474871,0.04120898649833864,0.645972577971339,0.6851051473864794,0.43291666666666667,57,4,4
freehand_20250908_111356_10,750829290,0.5748365451419034,0.6030646425589593,1.425954165439573,2.2565514673441758,0.6145833333333334,1538,5,6
freehand_20250908_111356_10,976785458,0.6715808506532541,0.6214858317490202,1.2738710752017433,1.083323309513196,0.41458333333333336,1158,3,4
freehand_20250908_111356_10,31107453,0.7541539135163241,0.6117945857267569,1.9653979980634835,1.8754219047819711,0.6304166666666666,840,6,5
freehand_20250908_111356_10,49191686,0.6454676700610655,0.7675246840149379,1.1231426718306563,2.465595255462087,0.53875,1342,4,6
freehand_20250908_111356_10,561298747,0.8297497181186173,0.4864341950812052,1.2912351874921255,1.1883347338458832,0.5195833333333333,673,3,6
freehand_20250908_111356_10,655931858,0.5042494179402203,0.9568582530526796,2.369532924909323,1.9819818230738713,0.5145833333333333,1750,5,5
freehand_20250908_111356_10,728994082,0.3725908459446555,1.086890914844272,2.922167184834102,1.2075421520089524,0.58625,1713,7,4
freehand_20250908_111356_10,837808364,0.7252141314955238,0.40253940748475914,2.8269825004019853,1.2234542511608315,0.5066666666666667,887,4,6
freehand_20250908_111356_10,934075863,0.3725908459446555,1.1338038890391973,2.9652798505915285,3.002181607375647,0.6316666666666667,1722,5,6
freehand_20250908_111356_10,9793119,0.6781739177527035,0.5216752660748989,1.4913521639506901,1.5025574258092993,0.61625,1015,7,4
freehand_20250908_111356_10,909797004,0.8417482627545139,0.5025386024389623,2.0989440179858723,0.8738935615879095,0.5141666666666667,716,5,4
freehand_20250908_111356_10,650161679,0.3725908459446555,1.1419916889298702,3.038919460819142,2.2253192280809753,0.6154166666666666,1878,6,6
freehand_20250908_111356_10,987123111,0.3725908459446555,1.0997357567097321,0.7249302212475315,1.9526038025299064,0.42083333333333334,1872,4,5
freehand_20250908_111356_10,992185760,0.8756450358684251,0.4528048944271921,2.3233137848053382,1.0048508395429876,0.6275,576,4,6
freehand_20250908_111356_10,916388140,0.3725908459446555,0.9741218369273917,1.4459241910003653,1.818533287697453,0.46208333333333335,1686,6,4
freehand_20250908_111356_10,296630794,0.7690405106819778,0.3304730431607288,1.7382695008684073,1.0359294360438387,0.46416666666666667,731,5,4
freehand_20250908_111356_10,879306563,0.3725908459446555,1.151261572388393,3.198920446915871,2.342164937068353,0.51875,1759,3,6
freehand_20250908_111356_10,904000457,0.7258132088778309,0.3869569105369226,0.8444768347761715,0.8779015701643137,0.39791666666666664,487,4,4
freehand_20250908_111356_10,693682908,0.7278723705780483,0.7342770761434037,2.152330333237309,1.632457536025464,0.4891666666666667,985,3,5
freehand_20250908_111356_10,101051937,0.3725908459446555,1.0577620911232721,1.7099408069765036,2.216714769592012,0.5741666666666667,1849,5,5
freehand_20250908_111356_10,938164480,0.5834413111201273,0.5553436805531232,1.7711490852093468,1.4519920062522393,0.5058333333333334,1346,5,4
freehand_20250908_111356_10,228689820,0.8028318534751444,0.4798009001452772,1.2319920217090774,0.891577059347406,0.5725,683,7,5
freehand_20250908_111356_10,281501939,0.8713221665833313,0.3707117876540494,1.2145231114803312,0.7385745303036122,0.49333333333333335,537,4,4
freehand_20250908_111356_10,482222097,0.8053986231432773,0.5516585435014595,1.800812534370048,1.0942662827876881,0.5229166666666667,807,7,4
freehand_20250908_111356_10,202381211,0.3725908459446555,1.1673422926037595,2.76993100344158,2.1821008868487737,0.5266666666666666,1845,3,5
freehand_20250908_111356_10,764535302,0.3725908459446555,0.9689523037706134,1.5931899323831085,1.152468293730329,0.43083333333333335,1845,5,3
freehand_20250908_111356_10,953409990,0.7081471661098326,0.7796420201230945,1.2735767707135202,1.6666952588459887,0.6729166666666667,1059,5,6
freehand_20250908_111356_10,717622648,0.8561643000426882,0.43509949600003023,1.7904718159444273,0.7605976393451699,0.47333333333333333,559,6,5
freehand_20250908_111356_10,800763177,0.7034406988691343,0.5890484259134741,0.971234874851609,2.0148723407383446,0.5870833333333333,888,4,6
freehand_20250908_111356_10,584499285,0.754337795058111,0.3645610172469249,1.9112501747647335,1.3441149833525472,0.5891666666666666,703,4,6
freehand_20250908_111405_11,641381099,0.829597194571724,0.04989073437174169,1.4475216606668233,0.21983487277012329,0.495,48,5,3
freehand_20250908_111405_11,534580564,0.7944448510122362,0.05370833894321418,1.3662482231402189,1.8741321086550506,0.5925,0,6,5
freehand_20250908_111405_11,223035262,0.7692663780024275,0.043446993084234,1.7210015563736882,0.5617539528582439,0.61,0,7,5
freehand_20250908_111405_11,43043373,0.7765608832251256,0.03678668129278697,1.0752772774223787,1.3426479968318445,0.5470833333333334,0,5,5
freehand_20250908_111405_11,129895878,0.7276345968111491,0.04587492086923578,1.146209400088445,1.3895207306056954,0.5358333333333334,29,3,6
freehand_20250908_111405_11,215864903,0.7068224035097593,0.03583300150169168,1.2958424791860368,0.7402009176537071,0.49083333333333334,0,4,4
freehand_20250908_111405_11,717830789,0.6635357941063479,0.08454863735325861,3.3109282286717696,0.6865951433591173,0.5825,79,5,4
freehand_20250908_111405_11,383395002,0.8005622100119458,0.04795517650392326,2.2539748350834583,0.7949308464547701,0.46541666666666665,60,6,3
freehand_20250908_111405_11,259260544,0.6613446366052991,0.035661698309355845,1.4834277485733376,0.9895757496792671,0.39458333333333334,0,3,4
freehand_20250908_111405_11,279011797,0.7883107920225311,0.05577821189000269,2.220178264687124,0.7008291496363931,0.5541666666666667,27,5,4
freehand_20250908_111405_11,652280568,0.8440595194334028,0.0704476831015495,2.837811558890788,1.024905856052026,0.6504166666666666,61,5,6
freehand_20250908_111405_11,297866482,0.7961584955165849,0.05150867644384179,1.6066163014503874,1.4177038524431482,0.5129166666666667,8,4,5
freehand_20250908_111405_11,604199117,0.8324989839365444,0.053457288425177864,2.5500886093711688,1.4951774353431606,0.6308333333333334,52,4,7
freehand_20250908_111405_11,209748179,0.793308335649876,0.06440502695304441,1.738701275735891,0.72048733831545,0.4575,16,5,5
freehand_20250908_111405_11,252182655,0.8444160523580065,0.039382403260875096,1.0617829349077033,0.8180469982192974,0.5316666666666666,25,5,5
freehand_20250908_111405_11,874402905,0.8371619256403907,0.05495670531903625,1.5036823603944725,0.8397860114622785,0.6358333333333334,63,6,5
freehand_20250908_111405_11,980568102,0.757699785621809,0.04189275139816474,1.83740096097422,0.9521334481688966,0.5366666666666666,7,5,6
freehand_20250908_111405_11,661422128,0.657942439158463,0.040880629457058004,0.9346821134798043,0.6242879167147718,0.4766666666666667,35,3,5
freehand_20250908_111405_11,937082080,0.8575965154480737,0.04074411714552846,0.9797093915474143,1.4430876128799044,0.5066666666666667,7,4,6
freehand_20250908_111405_11,463171971,0.8256165200290189,0.07307565763911344,2.1218333493816908,1.0412831560449254,0.56625,111,5,5
freehand_20250908_111405_11,232854392,0.7859058062439697,0.045041558388038076,1.2557237913284658,1.2627565228620636,0.6633333333333333,58,5,6
freehand_20250908_111405_11,40767736,0.7912707101643297,0.045871478189568174,1.67743177436855,0.7049376355952743,0.6029166666666667,4,6,5
freehand_20250908_111405_11,198830337,0.8971963657099535,0.040152146788965656,2.294807886538595,1.2185412238427114,0.7233333333333334,59,6,6
freehand_20250908_111405_11,166972354,0.65393956990955,0.054749518114368755,2.2668360636478657,0.35415885523772583,0.445,44,5,3
freehand_20250908_111405_11,143891519,0.8034055248539859,0.04680799993415179,1.0447224028897226,0.5579241184153133,0.58125,1,5,5
freehand_20250908_111405_11,668689195,0.7654322479360209,0.04235236480184081,1.0047959533268083,1.3740303698143919,0.5633333333333334,0,6,5
freehand_20250908_111405_11,614623594,0.6508503878321064,0.03508828158683993,0.7647504590362924,1.36413368087738,0.47458333333333336,0,3,6
freehand_20250908_111405_11,262215351,0.699905981804425,0.047969274809012016,1.8367324841726118,1.0581207081919388,0.5116666666666667,0,5,5
freehand_20250908_111405_11,731917448,0.6939665985790903,0.03349525816859933,1.2019629321982048,0.5391640298329994,0.25458333333333333,31,1,3
freehand_20250908_111405_11,566058513,0.696868308715862,0.059816234936992244,1.3053159192757353,1.0247929874197594,0.62125,0,6,5
